{"name": "CentreOutFFMinJerk", "T_destination": "~T_destination", "action_frame_stacking": 0, "action_noise": [0.0, 0.0, 0.0, 0.0, 0.0, 0.0], "call_super_init": false, "catch_trial": [1.0, 0.0, 1.0, 0.0, 0.0, 0.0, 1.0, 0.0, 0.0, 1.0, 1.0, 0.0, 1.0, 0.0, 0.0, 0.0, 0.0, 1.0, 0.0, 1.0, 0.0, 1.0, 1.0, 1.0, 0.0, 1.0, 0.0, 1.0, 0.0, 0.0, 1.0, 1.0, 1.0, 0.0, 1.0, 1.0, 0.0, 0.0, 1.0, 1.0, 0.0, 1.0, 1.0, 0.0, 0.0, 1.0, 0.0, 0.0, 0.0, 1.0, 0.0, 0.0, 1.0, 1.0, 1.0, 0.0, 0.0, 0.0, 1.0, 1.0, 1.0, 1.0, 1.0, 0.0], "catch_trial_perc": 50, "delay_range": [0, 0], "device": "cpu", "differentiable": true, "dt": 0.01, "dump_patches": false, "elapsed": 1.0000000000000007, "endpoint_load": [[0.0, -0.0], [-0.0, 0.0], [-0.0, 0.0], [-0.0, -0.0], [-0.0, -0.0], [0.0, 0.0], [0.0, 0.0], [0.0, -0.0], [0.0, 0.0], [0.0, 0.0], [0.0, -0.0], [-0.0, -0.0], [0.0, 0.0], [0.0, 0.0], [0.0, 0.0], [0.0, -0.0], [-0.0, -0.0], [-0.0, -0.0], [0.0, 0.0], [0.0, -0.0], [-0.0, -0.0], [0.0, -0.0], [-0.0, 0.0], [0.0, 0.0], [-0.0, 0.0], [-0.0, 0.0], [0.0, -0.0], [0.0, 0.0], [0.0, -0.0], [0.0, 0.0], [0.0, -0.0], [-0.0, -0.0], [0.0, -0.0], [-0.0, 0.0], [-0.0, -0.0], [-0.0, -0.0], [0.0, -0.0], [0.0, -0.0], [0.0, 0.0], [0.0, 0.0], [-0.0, -0.0], [0.0, 0.0], [0.0, 0.0], [-0.0, 0.0], [-0.0, 0.0], [0.0, -0.0], [0.0, -0.0], [-0.0, 0.0], [-0.0, -0.0], [0.0, 0.0], [-0.0, 0.0], [0.0, 0.0], [0.0, 0.0], [-0.0, 0.0], [0.0, -0.0], [-0.0, 0.0], [-0.0, -0.0], [0.0, -0.0], [-0.0, -0.0], [-0.0, -0.0], [0.0, 0.0], [0.0, -0.0], [-0.0, -0.0], [0.0, 0.0]], "ff_coefficient": 0.0, "go_cue": [[1.0], [1.0], [1.0], [1.0], [1.0], [1.0], [1.0], [1.0], [1.0], [1.0], [1.0], [1.0], [1.0], [1.0], [1.0], [1.0], [1.0], [1.0], [1.0], [1.0], [1.0], [1.0], [1.0], [1.0], [1.0], [1.0], [1.0], [1.0], [1.0], [1.0], [1.0], [1.0], [1.0], [1.0], [1.0], [1.0], [1.0], [1.0], [1.0], [1.0], [1.0], [1.0], [1.0], [1.0], [1.0], [1.0], [1.0], [1.0], [1.0], [1.0], [1.0], [1.0], [1.0], [1.0], [1.0], [1.0], [1.0], [1.0], [1.0], [1.0], [1.0], [1.0], [1.0], [1.0]], "go_cue_range": [0.1, 0.3], "go_cue_time": [1.0, 0.1953074986984234, 1.0, 0.14755289388792814, 0.23292664886614714, 0.24282423829040423, 1.0, 0.11906463957922087, 0.20033369011819363, 1.0, 1.0, 0.1361717944309607, 1.0, 0.11282079425013398, 0.12014201375962591, 0.20797796824644166, 0.19094772477722466, 1.0, 0.1388245236315598, 1.0, 0.11248247603356042, 1.0, 1.0, 1.0, 0.22722405988905522, 1.0, 0.17796338268831413, 1.0, 0.29792622252101497, 0.17378555469767293, 1.0, 1.0, 1.0, 0.10364929239773041, 1.0, 1.0, 0.2803310572927493, 0.2522346665183546, 1.0, 1.0, 0.10359525698659189, 1.0, 1.0, 0.10129633088813637, 0.25972498188681015, 1.0, 0.14730908058258818, 0.2497932262762234, 0.22282535232367462, 1.0, 0.18350927622886912, 0.14094045218554502, 1.0, 1.0, 1.0, 0.19657968928980202, 0.28682815431762876, 0.23202287559057935, 1.0, 1.0, 1.0, 1.0, 1.0, 0.20214131139995883], "init": [[-0.519088625907898, 0.29694870114326477], [-0.1271464228630066, 0.22346000373363495], [0.22593337297439575, 0.44915086030960083], [0.43224388360977173, 0.3784850835800171], [0.5412176847457886, 0.3391239047050476], [-0.30042001605033875, 0.07443507015705109], [0.5488489866256714, 0.2933155298233032], [-0.4019075632095337, 0.453703373670578], [-0.532487690448761, 0.19812434911727905], [0.2025541067123413, 0.46166086196899414], [-0.45769476890563965, 0.35475823283195496], [0.4105651378631592, 0.4272365868091583], [-0.29184064269065857, 0.06920532882213593], [-0.08608527481555939, 0.40794792771339417], [-0.08206044137477875, 0.38497623801231384], [-0.03795814514160156, 0.14360132813453674], [-0.0749703049659729, 0.14098964631557465], [-0.01981198787689209, 0.24782705307006836], [-0.4847530126571655, 0.41106343269348145], [0.4893510937690735, 0.311271071434021], [0.3003559410572052, 0.37869012355804443], [-0.4411936402320862, 0.31504952907562256], [0.10155946016311646, 0.41754263639450073], [0.08124595135450363, 0.6136295795440674], [-0.4706211984157562, 0.10983620584011078], [0.24061575531959534, 0.33264604210853577], [-0.2660527229309082, -0.04615604877471924], [0.34347549080848694, 0.5364006757736206], [0.15819615125656128, 0.5064569711685181], [-0.11790218949317932, 0.1746605485677719], [0.3592842221260071, 0.40181243419647217], [-0.1797313541173935, 0.3563973009586334], [-0.3125014305114746, 0.13094179332256317], [0.4293788969516754, 0.4735991954803467], [-0.1239587813615799, 0.18086408078670502], [0.003062635660171509, 0.327319473028183], [0.4650796055793762, 0.4396423399448395], [-0.35605666041374207, 0.5260770320892334], [0.6243380904197693, 0.14149080216884613], [0.1438925862312317, 0.6028451919555664], [0.5574241280555725, 0.31733453273773193], [0.39327549934387207, 0.506647527217865], [0.2011018544435501, 0.5744014978408813], [0.1058194562792778, 0.63137286901474], [-0.0695597231388092, 0.611495852470398], [-0.27060559391975403, 0.5313199758529663], [0.5369248390197754, 0.33992815017700195], [-0.07565844058990479, 0.2423868477344513], [0.5618917942047119, 0.29392868280410767], [0.3909999132156372, 0.40622711181640625], [0.40417757630348206, 0.3529026508331299], [-0.167635977268219, 0.2531517744064331], [0.23325765132904053, 0.5668251514434814], [0.04700595140457153, 0.3918551206588745], [-0.39986878633499146, 0.35097798705101013], [-0.12077680230140686, 0.6084481477737427], [-0.04509676992893219, 0.5562145709991455], [0.05785033106803894, 0.29565516114234924], [-0.22984197735786438, 0.41752421855926514], [-0.2493821382522583, 0.36583298444747925], [-0.34456703066825867, 0.3814578652381897], [-0.3147727847099304, 0.55375736951828], [-0.21153154969215393, 0.45046699047088623], [-0.018614083528518677, 0.23357853293418884]], "max_ep_duration": 1.0, "metadata": {"render_modes": []}, "movement_duration": [0.5017778373878283, 0.5953892788859785, 0.4817037243775588, 0.6023730531884924, 0.7713217946713116, 0.48533213690102556, 0.46523524330291866, 0.4807313799653713, 0.7627572226159398, 0.49856604390109727, 0.5366948710485657, 0.6557045349324934, 0.4737803620659342, 0.714849823024021, 0.4163882836507819, 0.6343770705107544, 0.7707307689762511, 0.7072152735750534, 0.7548473564096567, 0.5752825367489223, 0.6561849895457708, 0.47590464394301396, 0.7970907135785188, 0.7103159022654135, 0.6050294274090176, 0.5825111160348361, 0.5697084425944308, 0.429937755603631, 0.7350854889265392, 0.7411577489049203, 0.6145044815089333, 0.5763707243826779, 0.7882858673808705, 0.753262883884355, 0.7699519859445704, 0.6260256730609765, 0.5387954678860243, 0.4094013072483584, 0.5262000295661823, 0.4861303123418965, 0.5994082981840733, 0.49929660800036035, 0.6676658837165259, 0.7472749605085184, 0.6673956313393758, 0.7942121229723031, 0.5556075395696384, 0.7719947483036962, 0.43516203654354174, 0.5821991593238364, 0.47381758916679284, 0.4359248117687346, 0.5509489292967742, 0.46191966454743155, 0.6355118972127813, 0.5716525969279069, 0.5176609092940446, 0.577276264487439, 0.6765448626475119, 0.6045840549847478, 0.4820443223741442, 0.5348970886244646, 0.5870997317847545, 0.5092039737681816], "n_muscles": 6, "nq_init": null, "obs_noise": [0.0, 0.0, 0.0, 0.0, 0.0, 0.0, 0.0, 0.0, 0.0, 0.0, 0.0, 0.0, 0.0, 0.0, 0.0, 0.0, 0.0], "proprioception_delay": 1, "proprioception_noise": [0.0], "q_init": null, "render_mode": null, "reward_range": [-Infinity, Infinity], "seed": null, "space_dim": 2, "spec": null, "test_mov_dur": 0.5, "training": true, "vision_delay": 1, "vision_noise": [0.0], "effector": {"muscle": {"name": "RigidTendonHillMuscle", "state names": ["activation", "muscle length", "muscle velocity", "force-length PE", "force-length CE", "force-velocity CE", "force"]}, "skeleton": {"dof": 2, "dt": "0.01", "space_dim": 2, "I1": 0.051, "I2": 0.057, "L1": 0.309, "L2": 0.333, "L1g": 0.135, "L2g": 0.165, "c_viscosity": 0.0, "coriolis_1": -0.07290855, "coriolis_2": 0.07290855, "m1": 1.82, "m2": 1.43}, "dt": 0.01, "n_ministeps": 1, "minidt": 0.01, "half_minidt": 0.005, "muscle_names": ["pectoralis", "deltoid", "brachioradialis", "tricepslat", "biceps", "tricepslong"],