{"name": "CentreOutFF", "B": -1, "K": 1, "T_destination": "~T_destination", "action_frame_stacking": 0, "action_noise": [0.0, 0.0, 0.0, 0.0, 0.0, 0.0], "call_super_init": false, "catch_trial": [0.0, 0.0, 1.0, 1.0, 1.0, 0.0, 0.0, 1.0, 0.0, 1.0, 0.0, 0.0, 1.0, 1.0, 0.0, 1.0, 0.0, 0.0, 1.0, 0.0, 1.0, 1.0, 1.0, 0.0, 1.0, 0.0, 0.0, 0.0, 1.0, 1.0, 0.0, 1.0], "catch_trial_perc": 50, "delay_range": [0, 0], "device": "cpu", "differentiable": true, "dt": 0.01, "dump_patches": false, "elapsed": 1.500000000000001, "endpoint_load": [[-0.0, -0.0], [0.0, -0.0], [0.0, 0.0], [-0.0, 0.0], [-0.0, 0.0], [0.0, -0.0], [0.0, -0.0], [0.0, -0.0], [0.0, 0.0], [-0.0, -0.0], [-0.0, -0.0], [0.0, -0.0], [0.0, -0.0], [0.0, -0.0], [-0.0, -0.0], [-0.0, -0.0], [-0.0, 0.0], [0.0, 0.0], [0.0, -0.0], [0.0, -0.0], [-0.0, -0.0], [0.0, -0.0], [-0.0, -0.0], [0.0, 0.0], [-0.0, 0.0], [0.0, -0.0], [-0.0, -0.0], [-0.0, -0.0], [0.0, -0.0], [0.0, 0.0], [-0.0, 0.0], [0.0, -0.0]], "ff_coefficient": 0.0, "go_cue": [[1.0], [1.0], [1.0], [1.0], [1.0], [1.0], [1.0], [1.0], [1.0], [1.0], [1.0], [1.0], [1.0], [1.0], [1.0], [1.0], [1.0], [1.0], [1.0], [1.0], [1.0], [1.0], [1.0], [1.0], [1.0], [1.0], [1.0], [1.0], [1.0], [1.0], [1.0], [1.0]], "go_cue_range": [0.1, 0.3], "go_cue_time": [0.16203146902933588, 0.10587072705841205, 1.5, 1.5, 1.5, 0.12719275422632223, 0.23260333366216013, 1.5, 0.11431645549347023, 1.5, 0.21296902097532155, 0.1372552401772439, 1.5, 1.5, 0.19544526242411292, 1.5, 0.2747053877668507, 0.1683099944393814, 1.5, 0.1528549359062225, 1.5, 1.5, 1.5, 0.21276412152559465, 1.5, 0.14463466669958308, 0.13974406730297234, 0.21374745447469856, 1.5, 1.5, 0.14749736624232043, 1.5], "init": [[-0.4183177053928375, 0.45193764567375183], [-0.04753044247627258, 0.42185884714126587], [0.21904796361923218, 0.3268020749092102], [0.08172982186079025, 0.5494639873504639], [-0.4764849841594696, 0.42779341340065], [0.3047817051410675, 0.5621887445449829], [0.11119521409273148, 0.42794883251190186], [-0.11228685081005096, 0.6297764182090759], [-0.09489422291517258, 0.2102004736661911], [-0.3177502453327179, 0.2261001467704773], [-0.24383126199245453, 0.21599246561527252], [-0.0023729244712740183, 0.5257529020309448], [-0.3697413206100464, 0.49586421251296997], [-0.22046694159507751, 0.6027408242225647], [-0.4478195309638977, 0.4466917812824249], [-0.30457502603530884, 0.3027710020542145], [-0.4360516667366028, 0.46843868494033813], [0.07790815085172653, 0.5811290144920349], [-0.13457521796226501, 0.597136914730072], [-0.39522629976272583, 0.01244734413921833], [-0.04133481904864311, 0.319932758808136], [0.19838890433311462, 0.594028115272522], [-0.44118747115135193, 0.11561504751443863], [-0.17569318413734436, -0.09196511656045914], [-0.535236656665802, 0.16099682450294495], [-0.2152329683303833, -0.024897972121834755], [0.0011186583433300257, 0.524043619632721], [-0.5077722668647766, 0.1827816218137741], [0.22124527394771576, 0.5745632648468018], [0.4755592942237854, 0.3992701768875122], [0.18057362735271454, 0.5464224815368652], [-0.1385670155286789, 0.5858061909675598]], "is_channel": false, "max_ep_duration": 1.5, "metadata": {"render_modes": []}, "n_muscles": 6, "nq_init": null, "obs_noise": [0.0, 0.0, 0.0, 0.0, 0.0, 0.0, 0.0, 0.0, 0.0, 0.0, 0.0, 0.0, 0.0, 0.0, 0.0, 0.0, 0.0], "proprioception_delay": 1, "proprioception_noise": [0.0], "q_init": null, "render_mode": null, "reward_range": [-Infinity, Infinity], "seed": null, "space_dim": 2, "spec": null, "training": true, "vision_delay": 1, "vision_noise": [0.0], "effector": {"muscle": {"name": "RigidTendonHillMuscle", "state names": ["activation", "muscle length", "muscle velocity", "force-length PE", "force-length CE", "force-velocity CE", "force"]}, "skeleton": {"dof": 2, "dt": "0.01", "space_dim": 2, "I1": 0.051, "I2": 0.057, "L1": 0.309, "L2": 0.333, "L1g": 0.135, "L2g": 0.165, "c_viscosity": 0.0, "coriolis_1": -0.07290855, "coriolis_2": 0.07290855, "m1": 1.82, "m2": 1.43}, "dt": 0.01, "n_ministeps": 1, "minidt": 0.01, "half_minidt": 0.005, "muscle_names": ["pectoralis", "deltoid", "brachioradialis", "tricepslat", "biceps", "tricepslong"], "n_muscles": 6, "muscle_wrapping_cfg": {"pectoralis": {"n_fixation_points": 0, "fixation body": [], "coordinates": []}, "deltoid": {"n_fixation_points": 0, "fixation body": [], "coordinates": []}, "brachioradialis": {"n_fixation_points": 0, "fixation body": [], "coordinates": []}, "tricepslat": {"n_fixation_points": 0, "fixation body": [], "coordinates": []}, "biceps": {"n_fixation_points": 0, "fixation body": [], "coordinates": []}, "tricepslong": {"n_fixation_points": 0, "fixation body": [], "coordinates": []}}}}