{"name": "CentreOutFF", "B": -1, "K": 1, "T_destination": "~T_destination", "action_frame_stacking": 0, "action_noise": [0.0, 0.0, 0.0, 0.0, 0.0, 0.0], "call_super_init": false, "catch_trial": [1.0, 1.0, 0.0, 0.0, 1.0, 0.0, 1.0, 1.0, 0.0, 0.0, 0.0, 1.0, 1.0, 1.0, 1.0, 0.0, 0.0, 1.0, 0.0, 0.0, 0.0, 1.0, 1.0, 0.0, 1.0, 1.0, 0.0, 0.0, 0.0, 0.0, 1.0, 1.0], "catch_trial_perc": 50, "delay_range": [0, 0], "device": "cpu", "differentiable": true, "dt": 0.01, "dump_patches": false, "elapsed": 1.500000000000001, "endpoint_load": [[0.0, 0.0], [-0.0, 0.0], [-0.0, -0.0], [0.0, 0.0], [-0.0, 0.0], [0.0, -0.0], [0.0, -0.0], [0.0, 0.0], [-0.0, -0.0], [0.0, -0.0], [0.0, -0.0], [0.0, 0.0], [0.0, 0.0], [0.0, -0.0], [0.0, -0.0], [-0.0, 0.0], [-0.0, 0.0], [0.0, 0.0], [0.0, 0.0], [0.0, -0.0], [-0.0, -0.0], [0.0, 0.0], [-0.0, 0.0], [-0.0, 0.0], [-0.0, -0.0], [0.0, 0.0], [0.0, 0.0], [-0.0, 0.0], [-0.0, -0.0], [0.0, 0.0], [0.0, -0.0], [-0.0, 0.0]], "ff_coefficient": 0.0, "go_cue": [[1.0], [1.0], [1.0], [1.0], [1.0], [1.0], [1.0], [1.0], [1.0], [1.0], [1.0], [1.0], [1.0], [1.0], [1.0], [1.0], [1.0], [1.0], [1.0], [1.0], [1.0], [1.0], [1.0], [1.0], [1.0], [1.0], [1.0], [1.0], [1.0], [1.0], [1.0], [1.0]], "go_cue_range": [0.1, 0.3], "go_cue_time": [1.5, 1.5, 0.11675861921898263, 0.14748048084595844, 1.5, 0.16711892224028957, 1.5, 1.5, 0.1061636758159351, 0.16368311234752747, 0.18368038130216732, 1.5, 1.5, 1.5, 1.5, 0.16152127359378937, 0.1577176778924298, 1.5, 0.2171518182870713, 0.28567135984926195, 0.1710050505395354, 1.5, 1.5, 0.29416318819325166, 1.5, 1.5, 0.16997566879265077, 0.17011590939308022, 0.18776694302131156, 0.16835581206380545, 1.5, 1.5], "init": [[0.05197647213935852, 0.3743513524532318], [-0.19230124354362488, 0.6106126308441162], [-0.4029003977775574, 0.10786750912666321], [-0.269713431596756, 0.5450129508972168], [-0.011477116495370865, 0.48359909653663635], [-0.07715917378664017, 0.2868359684944153], [-0.2726610600948334, -0.06295748800039291], [-0.1597035676240921, 0.010327541269361973], [0.06500851362943649, 0.6002567410469055], [0.06261030584573746, 0.3760151267051697], [-0.17165707051753998, 0.04169324040412903], [0.22913961112499237, 0.5269788503646851], [0.5577974319458008, 0.24239002168178558], [-0.04283487796783447, 0.6193868517875671], [0.24578581750392914, 0.34778502583503723], [-0.22840051352977753, 0.024125032126903534], [-0.16042973101139069, -0.09857331961393356], [0.3230243921279907, 0.33746978640556335], [-0.4143027365207672, 0.2244933694601059], [0.5674750804901123, 0.291022390127182], [-0.3389642834663391, 0.37543511390686035], [0.6144801378250122, 0.15633878111839294], [-0.3087182939052582, 0.3489288091659546], [-0.4707108438014984, 0.43039050698280334], [-0.19744464755058289, 0.07588086277246475], [-0.5287215113639832, 0.20900990068912506], [0.008197813294827938, 0.5838658809661865], [-0.14081187546253204, -0.03683831915259361], [-0.16626033186912537, -0.009628361091017723], [-0.11094522476196289, 0.4022589921951294], [-0.20873112976551056, 0.6048063039779663], [-0.07370294630527496, 0.5242217779159546]], "is_channel": false, "max_ep_duration": 1.5, "metadata": {"render_modes": []}, "n_muscles": 6, "nq_init": null, "obs_noise": [0.0, 0.0, 0.0, 0.0, 0.0, 0.0, 0.0, 0.0, 0.0, 0.0, 0.0, 0.0, 0.0, 0.0, 0.0, 0.0, 0.0], "proprioception_delay": 1, "proprioception_noise": [0.0], "q_init": null, "render_mode": null, "reward_range": [-Infinity, Infinity], "seed": null, "space_dim": 2, "spec": null, "training": true, "vision_delay": 1, "vision_noise": [0.0], "effector": {"muscle": {"name": "RigidTendonHillMuscle", "state names": ["activation", "muscle length", "muscle velocity", "force-length PE", "force-length CE", "force-velocity CE", "force"]}, "skeleton": {"dof": 2, "dt": "0.01", "space_dim": 2, "I1": 0.051, "I2": 0.057, "L1": 0.309, "L2": 0.333, "L1g": 0.135, "L2g": 0.165, "c_viscosity": 0.0, "coriolis_1": -0.07290855, "coriolis_2": 0.07290855, "m1": 1.82, "m2": 1.43}, "dt": 0.01, "n_ministeps": 1, "minidt": 0.01, "half_minidt": 0.005, "muscle_names": ["pectoralis", "deltoid", "brachioradialis", "tricepslat", "biceps", "tricepslong"], "n_muscles": 6, "muscle_wrapping_cfg": {"pectoralis": {"n_fixation_points": 0, "fixation body": [], "coordinates": []}, "deltoid": {"n_fixation_points": 0, "fixation body": [], "coordinates": []}, "brachioradialis": {"n_fixation_points": 0, "fixation body": [], "coordinates": []}, "tricepslat": {"n_fixation_points": 0, "fixation body": [], "coordinates": []}, "biceps": {"n_fixation_points": 0, "fixation body": [], "coordinates": []}, "tricepslong": {"n_fixation_points": 0, "fixation body": [], "coordinates": []}}}}