{"name": "CentreOutFF", "B": -1, "K": 1, "T_destination": "~T_destination", "action_frame_stacking": 0, "action_noise": [0.0, 0.0, 0.0, 0.0, 0.0, 0.0], "call_super_init": false, "catch_trial": [1.0, 1.0, 1.0, 1.0, 0.0, 1.0, 0.0, 0.0, 1.0, 0.0, 1.0, 0.0, 0.0, 1.0, 0.0, 1.0, 1.0, 0.0, 0.0, 0.0, 1.0, 0.0, 1.0, 0.0, 0.0, 0.0, 1.0, 0.0, 0.0, 1.0, 1.0, 1.0], "catch_trial_perc": 50, "delay_range": [0, 0], "device": "cpu", "differentiable": true, "dt": 0.01, "dump_patches": false, "elapsed": 1.500000000000001, "endpoint_load": [[0.0, 0.0], [-0.0, -0.0], [-0.0, -0.0], [-0.0, -0.0], [-0.0, 0.0], [-0.0, 0.0], [0.0, -0.0], [-0.0, -0.0], [-0.0, -0.0], [0.0, 0.0], [-0.0, 0.0], [0.0, -0.0], [0.0, 0.0], [0.0, -0.0], [0.0, -0.0], [-0.0, 0.0], [0.0, -0.0], [-0.0, -0.0], [0.0, 0.0], [0.0, 0.0], [-0.0, -0.0], [0.0, -0.0], [-0.0, -0.0], [-0.0, -0.0], [-0.0, -0.0], [0.0, -0.0], [-0.0, -0.0], [0.0, -0.0], [0.0, 0.0], [-0.0, -0.0], [0.0, -0.0], [-0.0, -0.0]], "ff_coefficient": 0.0, "go_cue": [[1.0], [1.0], [1.0], [1.0], [1.0], [1.0], [1.0], [1.0], [1.0], [1.0], [1.0], [1.0], [1.0], [1.0], [1.0], [1.0], [1.0], [1.0], [1.0], [1.0], [1.0], [1.0], [1.0], [1.0], [1.0], [1.0], [1.0], [1.0], [1.0], [1.0], [1.0], [1.0]], "go_cue_range": [0.1, 0.3], "go_cue_time": [1.5, 1.5, 1.5, 1.5, 0.2017971422898565, 1.5, 0.22570222348335725, 0.2586183202565908, 1.5, 0.1651515909297449, 1.5, 0.2826394438676906, 0.14535297159888128, 1.5, 0.1856729473447849, 1.5, 1.5, 0.2879293205495995, 0.2954059182324007, 0.15383730203335222, 1.5, 0.26818840241145325, 1.5, 0.22910722519417326, 0.2400951259142914, 0.15653402205226025, 1.5, 0.12493111426239377, 0.22874258502616018, 1.5, 1.5, 1.5], "init": [[-0.16155478358268738, -0.024444375187158585], [-0.4797137975692749, 0.15045113861560822], [0.1566295474767685, 0.611936628818512], [-0.06868776679039001, 0.13634461164474487], [-0.4775032699108124, 0.41288378834724426], [-0.07145091146230698, 0.5790550708770752], [-0.5411689281463623, 0.26922762393951416], [-0.3576096296310425, 0.3004823327064514], [-0.11458486318588257, 0.21650579571723938], [0.6061557531356812, 0.18867051601409912], [0.09441421926021576, 0.3883912265300751], [-0.010425204411149025, 0.4186865985393524], [-0.42906850576400757, 0.2979757487773895], [0.05509011819958687, 0.23183894157409668], [-0.3281768560409546, 0.5360557436943054], [-0.19349947571754456, 0.6010887026786804], [-0.22313295304775238, 0.5858549475669861], [-0.39379897713661194, 0.4908255338668823], [-0.23740901052951813, 0.23222476243972778], [0.04342725872993469, 0.2106422334909439], [0.11321349442005157, 0.5635302662849426], [-0.06335178017616272, 0.3017737865447998], [-0.06625211238861084, 0.21907943487167358], [0.4865470826625824, 0.40059158205986023], [-0.20463374257087708, -0.10350529104471207], [-0.4766160547733307, 0.034120362251996994], [-0.18779580295085907, 0.47664302587509155], [-0.08608276396989822, 0.5285032391548157], [-0.273853063583374, 0.283101350069046], [0.6174293756484985, 0.16634775698184967], [-0.4108205735683441, 0.49155154824256897], [-0.18651840090751648, 0.19045791029930115]], "is_channel": false, "max_ep_duration": 1.5, "metadata": {"render_modes": []}, "n_muscles": 6, "nq_init": null, "obs_noise": [0.0, 0.0, 0.0, 0.0, 0.0, 0.0, 0.0, 0.0, 0.0, 0.0, 0.0, 0.0, 0.0, 0.0, 0.0, 0.0, 0.0], "proprioception_delay": 1, "proprioception_noise": [0.0], "q_init": null, "render_mode": null, "reward_range": [-Infinity, Infinity], "seed": null, "space_dim": 2, "spec": null, "training": true, "vision_delay": 1, "vision_noise": [0.0], "effector": {"muscle": {"name": "RigidTendonHillMuscle", "state names": ["activation", "muscle length", "muscle velocity", "force-length PE", "force-length CE", "force-velocity CE", "force"]}, "skeleton": {"dof": 2, "dt": "0.01", "space_dim": 2, "I1": 0.051, "I2": 0.057, "L1": 0.309, "L2": 0.333, "L1g": 0.135, "L2g": 0.165, "c_viscosity": 0.0, "coriolis_1": -0.07290855, "coriolis_2": 0.07290855, "m1": 1.82, "m2": 1.43}, "dt": 0.01, "n_ministeps": 1, "minidt": 0.01, "half_minidt": 0.005, "muscle_names": ["pectoralis", "deltoid", "brachioradialis", "tricepslat", "biceps", "tricepslong"], "n_muscles": 6, "muscle_wrapping_cfg": {"pectoralis": {"n_fixation_points": 0, "fixation body": [], "coordinates": []}, "deltoid": {"n_fixation_points": 0, "fixation body": [], "coordinates": []}, "brachioradialis": {"n_fixation_points": 0, "fixation body": [], "coordinates": []}, "tricepslat": {"n_fixation_points": 0, "fixation body": [], "coordinates": []}, "biceps": {"n_fixation_points": 0, "fixation body": [], "coordinates": []}, "tricepslong": {"n_fixation_points": 0, "fixation body": [], "coordinates": []}}}}