{"name": "CentreOutFF", "B": -1, "K": 1, "T_destination": "~T_destination", "action_frame_stacking": 0, "action_noise": [0.0, 0.0, 0.0, 0.0, 0.0, 0.0], "call_super_init": false, "catch_trial": [0.0, 0.0, 0.0, 1.0, 1.0, 0.0, 1.0, 1.0, 1.0, 0.0, 0.0, 1.0, 1.0, 1.0, 1.0, 0.0, 0.0, 1.0, 1.0, 0.0, 1.0, 1.0, 0.0, 0.0, 0.0, 1.0, 0.0, 1.0, 0.0, 1.0, 0.0, 0.0], "catch_trial_perc": 50, "delay_range": [0, 0], "device": "cpu", "differentiable": true, "dt": 0.01, "dump_patches": false, "elapsed": 1.500000000000001, "endpoint_load": [[0.0, 0.0], [-0.0, -0.0], [0.0, 0.0], [-0.0, 0.0], [0.0, 0.0], [-0.0, -0.0], [-0.0, 0.0], [-0.0, 0.0], [-0.0, 0.0], [-0.0, 0.0], [-0.0, 0.0], [-0.0, -0.0], [-0.0, 0.0], [-0.0, -0.0], [-0.0, -0.0], [-0.0, -0.0], [-0.0, -0.0], [-0.0, 0.0], [-0.0, 0.0], [-0.0, 0.0], [0.0, 0.0], [-0.0, 0.0], [-0.0, 0.0], [-0.0, -0.0], [0.0, -0.0], [-0.0, 0.0], [-0.0, 0.0], [0.0, 0.0], [-0.0, -0.0], [-0.0, 0.0], [0.0, -0.0], [-0.0, 0.0]], "ff_coefficient": 0.0, "go_cue": [[1.0], [1.0], [1.0], [1.0], [1.0], [1.0], [1.0], [1.0], [1.0], [1.0], [1.0], [1.0], [1.0], [1.0], [1.0], [1.0], [1.0], [1.0], [1.0], [1.0], [1.0], [1.0], [1.0], [1.0], [1.0], [1.0], [1.0], [1.0], [1.0], [1.0], [1.0], [1.0]], "go_cue_range": [0.1, 0.3], "go_cue_time": [0.1831522209379038, 0.21006223792628348, 0.23379859949335516, 1.5, 1.5, 0.21687377986783163, 1.5, 1.5, 1.5, 0.22240000970190282, 0.12505267894578626, 1.5, 1.5, 1.5, 1.5, 0.24704372756124662, 0.22341504861376765, 1.5, 1.5, 0.2673685309451763, 1.5, 1.5, 0.24899767424159147, 0.2942725075629439, 0.2791534085983749, 1.5, 0.16248043747569238, 1.5, 0.2452554108013307, 1.5, 0.15887115610782848, 0.12777895085048901], "init": [[-0.4039756655693054, 0.4886743128299713], [0.20694370567798615, 0.5398781895637512], [0.4174935519695282, 0.4417021870613098], [-0.1818474680185318, 0.5719346404075623], [0.18569239974021912, 0.5947242975234985], [-0.17691022157669067, 0.3699352443218231], [-0.49338003993034363, 0.2653799057006836], [-0.18178974092006683, 0.23699386417865753], [-0.28263792395591736, 0.2819735109806061], [-0.26527324318885803, -0.05535599961876869], [-0.33024898171424866, 0.014813189394772053], [-0.24959947168827057, 0.15032657980918884], [-0.049724262207746506, 0.20669952034950256], [-0.31748390197753906, -0.07102841883897781], [-0.31364914774894714, -0.034361373633146286], [-0.1322842389345169, 0.10064239054918289], [-0.11875053495168686, 0.47377803921699524], [-0.0073961117304861546, 0.34482651948928833], [-0.37860459089279175, 0.35957103967666626], [0.2728654742240906, 0.5795910954475403], [-0.2449944019317627, 0.5096613764762878], [-0.1987539678812027, 0.5065208673477173], [0.2464556097984314, 0.40082982182502747], [0.043868862092494965, 0.5031426548957825], [0.188572958111763, 0.5335744023323059], [-0.5280061960220337, 0.3152168095111847], [-0.061351533979177475, 0.6006214618682861], [0.1763952672481537, 0.5360128879547119], [-0.16894668340682983, 0.3031676709651947], [-0.4302494525909424, 0.18104735016822815], [-0.39341676235198975, 0.3808504343032837], [0.029677078127861023, 0.24002546072006226]], "is_channel": false, "max_ep_duration": 1.5, "metadata": {"render_modes": []}, "n_muscles": 6, "nq_init": null, "obs_noise": [0.0, 0.0, 0.0, 0.0, 0.0, 0.0, 0.0, 0.0, 0.0, 0.0, 0.0, 0.0, 0.0, 0.0, 0.0, 0.0, 0.0], "proprioception_delay": 1, "proprioception_noise": [0.0], "q_init": null, "render_mode": null, "reward_range": [-Infinity, Infinity], "seed": null, "space_dim": 2, "spec": null, "training": true, "vision_delay": 1, "vision_noise": [0.0], "effector": {"muscle": {"name": "RigidTendonHillMuscle", "state names": ["activation", "muscle length", "muscle velocity", "force-length PE", "force-length CE", "force-velocity CE", "force"]}, "skeleton": {"dof": 2, "dt": "0.01", "space_dim": 2, "I1": 0.051, "I2": 0.057, "L1": 0.309, "L2": 0.333, "L1g": 0.135, "L2g": 0.165, "c_viscosity": 0.0, "coriolis_1": -0.07290855, "coriolis_2": 0.07290855, "m1": 1.82, "m2": 1.43}, "dt": 0.01, "n_ministeps": 1, "minidt": 0.01, "half_minidt": 0.005, "muscle_names": ["pectoralis", "deltoid", "brachioradialis", "tricepslat", "biceps", "tricepslong"], "n_muscles": 6, "muscle_wrapping_cfg": {"pectoralis": {"n_fixation_points": 0, "fixation body": [], "coordinates": []}, "deltoid": {"n_fixation_points": 0, "fixation body": [], "coordinates": []}, "brachioradialis": {"n_fixation_points": 0, "fixation body": [], "coordinates": []}, "tricepslat": {"n_fixation_points": 0, "fixation body": [], "coordinates": []}, "biceps": {"n_fixation_points": 0, "fixation body": [], "coordinates": []}, "tricepslong": {"n_fixation_points": 0, "fixation body": [], "coordinates": []}}}}