{"name": "CentreOutFF", "B": -1, "K": 1, "T_destination": "~T_destination", "action_frame_stacking": 0, "action_noise": [0.0, 0.0, 0.0, 0.0, 0.0, 0.0], "call_super_init": false, "catch_trial": [1.0, 1.0, 0.0, 0.0, 1.0, 1.0, 1.0, 1.0, 1.0, 0.0, 0.0, 1.0, 0.0, 1.0, 0.0, 0.0, 1.0, 0.0, 0.0, 0.0, 1.0, 1.0, 0.0, 1.0, 0.0, 1.0, 0.0, 0.0, 0.0, 1.0, 0.0, 1.0], "catch_trial_perc": 50, "delay_range": [0, 0], "device": "cpu", "differentiable": true, "dt": 0.01, "dump_patches": false, "elapsed": 1.500000000000001, "endpoint_load": [[-0.0, 0.0], [0.0, 0.0], [-0.0, 0.0], [-0.0, 0.0], [-0.0, -0.0], [-0.0, 0.0], [-0.0, 0.0], [-0.0, 0.0], [-0.0, 0.0], [0.0, -0.0], [0.0, -0.0], [0.0, 0.0], [-0.0, -0.0], [0.0, 0.0], [0.0, -0.0], [0.0, 0.0], [0.0, 0.0], [0.0, 0.0], [-0.0, 0.0], [-0.0, 0.0], [-0.0, -0.0], [-0.0, 0.0], [-0.0, 0.0], [-0.0, 0.0], [-0.0, -0.0], [0.0, 0.0], [0.0, -0.0], [0.0, 0.0], [-0.0, 0.0], [-0.0, 0.0], [0.0, -0.0], [-0.0, -0.0]], "ff_coefficient": 0.0, "go_cue": [[1.0], [1.0], [1.0], [1.0], [1.0], [1.0], [1.0], [1.0], [1.0], [1.0], [1.0], [1.0], [1.0], [1.0], [1.0], [1.0], [1.0], [1.0], [1.0], [1.0], [1.0], [1.0], [1.0], [1.0], [1.0], [1.0], [1.0], [1.0], [1.0], [1.0], [1.0], [1.0]], "go_cue_range": [0.1, 0.3], "go_cue_time": [1.5, 1.5, 0.22970205313283953, 0.10458222035418269, 1.5, 1.5, 1.5, 1.5, 1.5, 0.25250934827062455, 0.17455511449749994, 1.5, 0.23994287095585762, 1.5, 0.23973152429122999, 0.2398594490928512, 1.5, 0.15981750024003025, 0.27282675802320644, 0.21971944906760218, 1.5, 1.5, 0.28881840236602185, 1.5, 0.25921766280874314, 1.5, 0.14362158534347527, 0.19342806477464897, 0.16333378593116454, 1.5, 0.18939464716072535, 1.5], "init": [[-0.1820564568042755, 0.2050018310546875], [-0.41709664463996887, 0.48662999272346497], [-0.04881049320101738, 0.13527421653270721], [-0.22512923181056976, 0.15839388966560364], [0.39544999599456787, 0.48780202865600586], [-0.06020549684762955, 0.16947652399539948], [-0.32182133197784424, -0.07610844075679779], [-0.3045100271701813, 0.20430493354797363], [-0.10691209137439728, -0.09310032427310944], [-0.45564818382263184, 0.25699442625045776], [-0.2183469980955124, 0.40748393535614014], [-0.4950367510318756, 0.4025833010673523], [0.13349075615406036, 0.6184585094451904], [-0.5082535147666931, 0.07822082936763763], [0.030044928193092346, 0.48975491523742676], [0.14814254641532898, 0.5720470547676086], [-0.4942839443683624, 0.1973199099302292], [-0.13279849290847778, -0.09755714237689972], [-0.28097987174987793, 0.5436025261878967], [-0.2812376916408539, 0.07729209959506989], [-0.1254831701517105, 0.17760160565376282], [-0.0008044332498684525, 0.48292434215545654], [-0.32806074619293213, 0.5517632365226746], [-0.3014003336429596, 0.3376615643501282], [-0.25478243827819824, -0.07714134454727173], [0.596251368522644, 0.22505618631839752], [-0.3429238498210907, -0.04347056522965431], [0.5538930296897888, 0.3155765235424042], [-0.13660982251167297, 0.21829606592655182], [-0.385071724653244, 0.13948413729667664], [-0.1655346155166626, 0.5049917101860046], [-0.03036060370504856, 0.187136709690094]], "is_channel": false, "max_ep_duration": 1.5, "metadata": {"render_modes": []}, "n_muscles": 6, "nq_init": null, "obs_noise": [0.0, 0.0, 0.0, 0.0, 0.0, 0.0, 0.0, 0.0, 0.0, 0.0, 0.0, 0.0, 0.0, 0.0, 0.0, 0.0, 0.0], "proprioception_delay": 1, "proprioception_noise": [0.0], "q_init": null, "render_mode": null, "reward_range": [-Infinity, Infinity], "seed": null, "space_dim": 2, "spec": null, "training": true, "vision_delay": 1, "vision_noise": [0.0], "effector": {"muscle": {"name": "RigidTendonHillMuscle", "state names": ["activation", "muscle length", "muscle velocity", "force-length PE", "force-length CE", "force-velocity CE", "force"]}, "skeleton": {"dof": 2, "dt": "0.01", "space_dim": 2, "I1": 0.051, "I2": 0.057, "L1": 0.309, "L2": 0.333, "L1g": 0.135, "L2g": 0.165, "c_viscosity": 0.0, "coriolis_1": -0.07290855, "coriolis_2": 0.07290855, "m1": 1.82, "m2": 1.43}, "dt": 0.01, "n_ministeps": 1, "minidt": 0.01, "half_minidt": 0.005, "muscle_names": ["pectoralis", "deltoid", "brachioradialis", "tricepslat", "biceps", "tricepslong"], "n_muscles": 6, "muscle_wrapping_cfg": {"pectoralis": {"n_fixation_points": 0, "fixation body": [], "coordinates": []}, "deltoid": {"n_fixation_points": 0, "fixation body": [], "coordinates": []}, "brachioradialis": {"n_fixation_points": 0, "fixation body": [], "coordinates": []}, "tricepslat": {"n_fixation_points": 0, "fixation body": [], "coordinates": []}, "biceps": {"n_fixation_points": 0, "fixation body": [], "coordinates": []}, "tricepslong": {"n_fixation_points": 0, "fixation body": [], "coordinates": []}}}}