{"name": "CentreOutFF", "B": -1, "K": 1, "T_destination": "~T_destination", "action_frame_stacking": 0, "action_noise": [0.0, 0.0, 0.0, 0.0, 0.0, 0.0], "call_super_init": false, "catch_trial": [0.0, 0.0, 1.0, 1.0, 0.0, 0.0, 0.0, 0.0, 1.0, 0.0, 0.0, 1.0, 0.0, 0.0, 0.0, 1.0, 1.0, 1.0, 1.0, 1.0, 1.0, 1.0, 1.0, 1.0, 0.0, 0.0, 0.0, 1.0, 1.0, 0.0, 1.0, 0.0], "catch_trial_perc": 50, "delay_range": [0, 0], "device": "cpu", "differentiable": true, "dt": 0.01, "dump_patches": false, "elapsed": 1.500000000000001, "endpoint_load": [[-0.0, -0.0], [-0.0, 0.0], [0.0, -0.0], [0.0, -0.0], [0.0, -0.0], [-0.0, -0.0], [-0.0, -0.0], [-0.0, 0.0], [0.0, -0.0], [-0.0, -0.0], [-0.0, -0.0], [-0.0, -0.0], [-0.0, -0.0], [0.0, -0.0], [-0.0, -0.0], [-0.0, -0.0], [-0.0, -0.0], [-0.0, -0.0], [-0.0, -0.0], [-0.0, -0.0], [-0.0, -0.0], [-0.0, -0.0], [0.0, 0.0], [-0.0, -0.0], [-0.0, -0.0], [-0.0, -0.0], [-0.0, -0.0], [0.0, -0.0], [-0.0, -0.0], [-0.0, 0.0], [0.0, -0.0], [0.0, -0.0]], "ff_coefficient": 0.0, "go_cue": [[1.0], [1.0], [1.0], [1.0], [1.0], [1.0], [1.0], [1.0], [1.0], [1.0], [1.0], [1.0], [1.0], [1.0], [1.0], [1.0], [1.0], [1.0], [1.0], [1.0], [1.0], [1.0], [1.0], [1.0], [1.0], [1.0], [1.0], [1.0], [1.0], [1.0], [1.0], [1.0]], "go_cue_range": [0.1, 0.3], "go_cue_time": [0.28385393547019355, 0.1959342339757328, 1.5, 1.5, 0.18056193626753622, 0.1333389339399134, 0.10098012618043191, 0.26651990907680906, 1.5, 0.16912937093090313, 0.12535775446170727, 1.5, 0.29375824938068573, 0.17822909220659022, 0.19577227106934575, 1.5, 1.5, 1.5, 1.5, 1.5, 1.5, 1.5, 1.5, 1.5, 0.11411059859174766, 0.11077269170487845, 0.2920687662377186, 1.5, 1.5, 0.12219418113565816, 1.5, 0.13762198386174543], "init": [[0.28482764959335327, 0.43911752104759216], [-0.42543748021125793, 0.388245165348053], [-0.2688521444797516, 0.046120185405015945], [-0.31670525670051575, 0.3476221263408661], [-0.18860022723674774, 0.15385320782661438], [-0.07926945388317108, 0.6364530324935913], [-0.4014696478843689, -0.03855672851204872], [-0.20240290462970734, -0.07523190230131149], [-0.2804138660430908, 0.5515120029449463], [-0.12583306431770325, 0.10621550679206848], [0.08323423564434052, 0.42085325717926025], [0.24260401725769043, 0.3304697871208191], [-0.27972471714019775, 0.25561773777008057], [0.3027917146682739, 0.516017735004425], [-0.2681778073310852, 0.14413465559482574], [-0.00017333345022052526, 0.5912141799926758], [0.23079082369804382, 0.5544042587280273], [0.4958321154117584, 0.3683620095252991], [0.11152808368206024, 0.5864197611808777], [-0.1539485901594162, 0.29216641187667847], [-0.2358674705028534, 0.485226035118103], [0.045940205454826355, 0.48602771759033203], [-0.18313442170619965, -0.021622154861688614], [0.021271944046020508, 0.312320351600647], [0.22952218353748322, 0.3514150083065033], [-0.2775484621524811, -0.022715549916028976], [0.08731306344270706, 0.2592015266418457], [-0.3245824873447418, 0.4722543954849243], [0.07449106872081757, 0.49972328543663025], [-0.2040802389383316, 0.21716640889644623], [-0.38186970353126526, 0.41801878809928894], [-0.04960215091705322, 0.24004191160202026]], "is_channel": false, "max_ep_duration": 1.5, "metadata": {"render_modes": []}, "n_muscles": 6, "nq_init": null, "obs_noise": [0.0, 0.0, 0.0, 0.0, 0.0, 0.0, 0.0, 0.0, 0.0, 0.0, 0.0, 0.0, 0.0, 0.0, 0.0, 0.0, 0.0], "proprioception_delay": 1, "proprioception_noise": [0.0], "q_init": null, "render_mode": null, "reward_range": [-Infinity, Infinity], "seed": null, "space_dim": 2, "spec": null, "training": true, "vision_delay": 1, "vision_noise": [0.0], "effector": {"muscle": {"name": "RigidTendonHillMuscle", "state names": ["activation", "muscle length", "muscle velocity", "force-length PE", "force-length CE", "force-velocity CE", "force"]}, "skeleton": {"dof": 2, "dt": "0.01", "space_dim": 2, "I1": 0.051, "I2": 0.057, "L1": 0.309, "L2": 0.333, "L1g": 0.135, "L2g": 0.165, "c_viscosity": 0.0, "coriolis_1": -0.07290855, "coriolis_2": 0.07290855, "m1": 1.82, "m2": 1.43}, "dt": 0.01, "n_ministeps": 1, "minidt": 0.01, "half_minidt": 0.005, "muscle_names": ["pectoralis", "deltoid", "brachioradialis", "tricepslat", "biceps", "tricepslong"], "n_muscles": 6, "muscle_wrapping_cfg": {"pectoralis": {"n_fixation_points": 0, "fixation body": [], "coordinates": []}, "deltoid": {"n_fixation_points": 0, "fixation body": [], "coordinates": []}, "brachioradialis": {"n_fixation_points": 0, "fixation body": [], "coordinates": []}, "tricepslat": {"n_fixation_points": 0, "fixation body": [], "coordinates": []}, "biceps": {"n_fixation_points": 0, "fixation body": [], "coordinates": []}, "tricepslong": {"n_fixation_points": 0, "fixation body": [], "coordinates": []}}}}