{"name": "CentreOutFF", "B": -1, "K": 1, "T_destination": "~T_destination", "action_frame_stacking": 0, "action_noise": [0.0, 0.0, 0.0, 0.0, 0.0, 0.0], "call_super_init": false, "catch_trial": [1.0, 1.0, 1.0, 0.0, 0.0, 1.0, 0.0, 1.0, 1.0, 1.0, 0.0, 0.0, 0.0, 0.0, 0.0, 0.0, 1.0, 1.0, 1.0, 1.0, 0.0, 0.0, 0.0, 1.0, 0.0, 0.0, 0.0, 1.0, 1.0, 1.0, 1.0, 0.0], "catch_trial_perc": 50, "delay_range": [0, 0], "device": "cpu", "differentiable": true, "dt": 0.01, "dump_patches": false, "elapsed": 1.500000000000001, "endpoint_load": [[0.0, 0.0], [-0.0, -0.0], [-0.0, -0.0], [0.0, -0.0], [-0.0, -0.0], [0.0, -0.0], [0.0, 0.0], [-0.0, -0.0], [-0.0, -0.0], [0.0, -0.0], [-0.0, -0.0], [-0.0, -0.0], [-0.0, -0.0], [0.0, -0.0], [-0.0, -0.0], [0.0, 0.0], [-0.0, -0.0], [0.0, 0.0], [-0.0, -0.0], [0.0, -0.0], [-0.0, 0.0], [0.0, 0.0], [0.0, 0.0], [-0.0, -0.0], [0.0, 0.0], [0.0, -0.0], [0.0, -0.0], [-0.0, -0.0], [-0.0, -0.0], [0.0, -0.0], [0.0, 0.0], [-0.0, -0.0]], "ff_coefficient": 0.0, "go_cue": [[1.0], [1.0], [1.0], [1.0], [1.0], [1.0], [1.0], [1.0], [1.0], [1.0], [1.0], [1.0], [1.0], [1.0], [1.0], [1.0], [1.0], [1.0], [1.0], [1.0], [1.0], [1.0], [1.0], [1.0], [1.0], [1.0], [1.0], [1.0], [1.0], [1.0], [1.0], [1.0]], "go_cue_range": [0.1, 0.3], "go_cue_time": [1.5, 1.5, 1.5, 0.2144901509368325, 0.16421801632096628, 1.5, 0.2939071455188951, 1.5, 1.5, 1.5, 0.16621727555501245, 0.27458142633973737, 0.10799055023092813, 0.24428274777208178, 0.1460813241415739, 0.22430386105589478, 1.5, 1.5, 1.5, 1.5, 0.2757668417328801, 0.11810705070227766, 0.2163584132927419, 1.5, 0.28041087903140954, 0.13302449175129752, 0.21082859482714195, 1.5, 1.5, 1.5, 1.5, 0.22634192279798707], "init": [[0.1773570328950882, 0.5225664973258972], [-0.3624747395515442, 0.284648060798645], [-0.08409080654382706, 0.619083821773529], [-0.4295036196708679, 0.3006746768951416], [-0.11147605627775192, 0.3172215223312378], [-0.2116694152355194, 0.11902592331171036], [-0.23257490992546082, 0.42326411604881287], [-0.23236438632011414, 0.17606253921985626], [0.35528168082237244, 0.5090997815132141], [-0.40870463848114014, 0.3907463848590851], [-0.2786348760128021, 0.24873176217079163], [-0.15632255375385284, 0.6159511804580688], [-0.5095006227493286, 0.2017693966627121], [-0.3603328764438629, 0.5313394665718079], [0.2047213464975357, 0.31947240233421326], [-0.19743530452251434, 0.08515768498182297], [-0.3639565408229828, 0.3119681179523468], [-0.14759784936904907, 0.03978293761610985], [0.036725305020809174, 0.2936515212059021], [-0.06743903458118439, 0.24473971128463745], [-0.39405280351638794, 0.14786994457244873], [-0.3131130337715149, 0.3249417841434479], [-0.31086763739585876, 0.43046149611473083], [0.035286154597997665, 0.4417671859264374], [0.13300669193267822, 0.29905250668525696], [0.5801597833633423, 0.2507588863372803], [-0.2008657157421112, 0.5446805953979492], [0.38387441635131836, 0.4408113956451416], [-0.013412894681096077, 0.450717031955719], [0.5703392028808594, 0.2584168314933777], [0.09897271543741226, 0.2869475781917572], [-0.4388888478279114, 0.16640007495880127]], "is_channel": false, "max_ep_duration": 1.5, "metadata": {"render_modes": []}, "n_muscles": 6, "nq_init": null, "obs_noise": [0.0, 0.0, 0.0, 0.0, 0.0, 0.0, 0.0, 0.0, 0.0, 0.0, 0.0, 0.0, 0.0, 0.0, 0.0, 0.0, 0.0], "proprioception_delay": 1, "proprioception_noise": [0.0], "q_init": null, "render_mode": null, "reward_range": [-Infinity, Infinity], "seed": null, "space_dim": 2, "spec": null, "training": true, "vision_delay": 1, "vision_noise": [0.0], "effector": {"muscle": {"name": "RigidTendonHillMuscle", "state names": ["activation", "muscle length", "muscle velocity", "force-length PE", "force-length CE", "force-velocity CE", "force"]}, "skeleton": {"dof": 2, "dt": "0.01", "space_dim": 2, "I1": 0.051, "I2": 0.057, "L1": 0.309, "L2": 0.333, "L1g": 0.135, "L2g": 0.165, "c_viscosity": 0.0, "coriolis_1": -0.07290855, "coriolis_2": 0.07290855, "m1": 1.82, "m2": 1.43}, "dt": 0.01, "n_ministeps": 1, "minidt": 0.01, "half_minidt": 0.005, "muscle_names": ["pectoralis", "deltoid", "brachioradialis", "tricepslat", "biceps", "tricepslong"], "n_muscles": 6, "muscle_wrapping_cfg": {"pectoralis": {"n_fixation_points": 0, "fixation body": [], "coordinates": []}, "deltoid": {"n_fixation_points": 0, "fixation body": [], "coordinates": []}, "brachioradialis": {"n_fixation_points": 0, "fixation body": [], "coordinates": []}, "tricepslat": {"n_fixation_points": 0, "fixation body": [], "coordinates": []}, "biceps": {"n_fixation_points": 0, "fixation body": [], "coordinates": []}, "tricepslong": {"n_fixation_points": 0, "fixation body": [], "coordinates": []}}}}