{"name": "CentreOutFF", "B": -1, "K": 1, "T_destination": "~T_destination", "action_frame_stacking": 0, "action_noise": [0.0, 0.0, 0.0, 0.0, 0.0, 0.0], "call_super_init": false, "catch_trial": [1.0, 1.0, 0.0, 1.0, 0.0, 1.0, 0.0, 0.0, 0.0, 1.0, 0.0, 1.0, 1.0, 0.0, 0.0, 1.0, 0.0, 1.0, 1.0, 1.0, 0.0, 0.0, 1.0, 0.0, 0.0, 1.0, 1.0, 0.0, 1.0, 0.0, 1.0, 0.0], "catch_trial_perc": 50, "delay_range": [0, 0], "device": "cpu", "differentiable": true, "dt": 0.01, "dump_patches": false, "elapsed": 1.500000000000001, "endpoint_load": [[-0.0, -0.0], [-0.0, -0.0], [-0.0, -0.0], [0.0, 0.0], [0.0, 0.0], [-0.0, -0.0], [0.0, 0.0], [-0.0, 0.0], [0.0, -0.0], [-0.0, 0.0], [0.0, -0.0], [0.0, 0.0], [0.0, 0.0], [0.0, 0.0], [0.0, 0.0], [-0.0, -0.0], [0.0, -0.0], [0.0, 0.0], [0.0, -0.0], [-0.0, 0.0], [-0.0, -0.0], [0.0, -0.0], [-0.0, -0.0], [0.0, 0.0], [0.0, 0.0], [-0.0, 0.0], [-0.0, -0.0], [0.0, 0.0], [-0.0, -0.0], [0.0, -0.0], [0.0, 0.0], [-0.0, -0.0]], "ff_coefficient": 0.0, "go_cue": [[1.0], [1.0], [1.0], [1.0], [1.0], [1.0], [1.0], [1.0], [1.0], [1.0], [1.0], [1.0], [1.0], [1.0], [1.0], [1.0], [1.0], [1.0], [1.0], [1.0], [1.0], [1.0], [1.0], [1.0], [1.0], [1.0], [1.0], [1.0], [1.0], [1.0], [1.0], [1.0]], "go_cue_range": [0.1, 0.3], "go_cue_time": [1.5, 1.5, 0.12191716274021994, 1.5, 0.23719251840254132, 1.5, 0.24011196318132041, 0.10166780890539416, 0.15377926231822925, 1.5, 0.17968737916105865, 1.5, 1.5, 0.24293695329856504, 0.2936244280838708, 1.5, 0.12508816322499197, 1.5, 1.5, 1.5, 0.19853950780183355, 0.12711907171558193, 1.5, 0.13960233547065423, 0.18613356078132043, 1.5, 1.5, 0.21539568406220716, 1.5, 0.115819359954665, 1.5, 0.1345402083654034], "init": [[-0.3317493200302124, 0.15039166808128357], [-0.25334280729293823, 0.1470503956079483], [-0.23453205823898315, 0.5485069751739502], [-0.18065425753593445, 0.01430429145693779], [0.3537149131298065, 0.5338802933692932], [0.3920252025127411, 0.4947305917739868], [-0.20804385840892792, 0.4301700294017792], [0.5341629385948181, 0.3414069712162018], [-0.03586224466562271, 0.6209805011749268], [-0.09134111553430557, 0.36953356862068176], [-0.4451812207698822, 0.11862094700336456], [0.36360466480255127, 0.4866856634616852], [-0.205848827958107, 0.0032378206960856915], [-0.4843810200691223, 0.030683128163218498], [0.08150894939899445, 0.3723233640193939], [-0.12291073799133301, 0.3472268283367157], [-0.38233518600463867, 0.5003762245178223], [-0.357020765542984, -0.06957796961069107], [-0.07561653852462769, 0.21805518865585327], [0.016452306881546974, 0.26408910751342773], [-0.17492008209228516, 0.47959256172180176], [-0.027163082733750343, 0.1398955136537552], [-0.4697079062461853, 0.21477560698986053], [0.039789166301488876, 0.4428539276123047], [0.024680664762854576, 0.4368780851364136], [0.19932615756988525, 0.3932701051235199], [-0.1784711629152298, 0.5210481882095337], [-0.20114439725875854, 0.17804551124572754], [-0.32791033387184143, 0.255156010389328], [0.45641210675239563, 0.42342689633369446], [0.3157159686088562, 0.5172634720802307], [-0.3784511983394623, 0.16322094202041626]], "is_channel": false, "max_ep_duration": 1.5, "metadata": {"render_modes": []}, "n_muscles": 6, "nq_init": null, "obs_noise": [0.0, 0.0, 0.0, 0.0, 0.0, 0.0, 0.0, 0.0, 0.0, 0.0, 0.0, 0.0, 0.0, 0.0, 0.0, 0.0, 0.0], "proprioception_delay": 1, "proprioception_noise": [0.0], "q_init": null, "render_mode": null, "reward_range": [-Infinity, Infinity], "seed": null, "space_dim": 2, "spec": null, "training": true, "vision_delay": 1, "vision_noise": [0.0], "effector": {"muscle": {"name": "RigidTendonHillMuscle", "state names": ["activation", "muscle length", "muscle velocity", "force-length PE", "force-length CE", "force-velocity CE", "force"]}, "skeleton": {"dof": 2, "dt": "0.01", "space_dim": 2, "I1": 0.051, "I2": 0.057, "L1": 0.309, "L2": 0.333, "L1g": 0.135, "L2g": 0.165, "c_viscosity": 0.0, "coriolis_1": -0.07290855, "coriolis_2": 0.07290855, "m1": 1.82, "m2": 1.43}, "dt": 0.01, "n_ministeps": 1, "minidt": 0.01, "half_minidt": 0.005, "muscle_names": ["pectoralis", "deltoid", "brachioradialis", "tricepslat", "biceps", "tricepslong"], "n_muscles": 6, "muscle_wrapping_cfg": {"pectoralis": {"n_fixation_points": 0, "fixation body": [], "coordinates": []}, "deltoid": {"n_fixation_points": 0, "fixation body": [], "coordinates": []}, "brachioradialis": {"n_fixation_points": 0, "fixation body": [], "coordinates": []}, "tricepslat": {"n_fixation_points": 0, "fixation body": [], "coordinates": []}, "biceps": {"n_fixation_points": 0, "fixation body": [], "coordinates": []}, "tricepslong": {"n_fixation_points": 0, "fixation body": [], "coordinates": []}}}}